,video_name,rating-indoor,rating-expanse,rating-object,rating-agent_distance,rating-facingness,rating-joint_action,rating-communication,rating-valence,rating-arousal,stimulus_set,captions
0,-YwZOeyAQC8_15.mp4,1,0.225,0.8958333333333334,0.0,0.0454545454545454,0.7,0.55,0.65,0.3409090909090909,train,"['A man sits playing video games on his TV while holding a baby, with two small dogs resting on a nearby sofa', 'A man with a baby on his lap playing Wii', 'A man in shorts sits in a chair next to a standard lamp, with a smiling baby on his lap, operating a Wii remote controller, while two small dogs are sat on a nearby sofa', 'A man playing on the wii which is making the baby chuckle while the dog ignores them from the other sofa', 'father & child enjoying a show']"
1,1AIVH5cEWrI_35.mp4,1,0.25,0.1041666666666666,0.075,1.0,0.825,0.9,0.675,0.3409090909090909,train,"[""Two friends singing and swaying together while looking into each other's eyes."", 'Two women sing together.', 'Two girls are dancing close together and facing each other.', 'Two females learning how to sing together in harmony.', 'Two young women are facing one another and swaying side-to-side while singing. ']"
2,2-8-0-2-5-4-8-8-5028025488_7.mp4,1,0.275,1.0,0.0454545454545454,0.05,0.575,0.5,0.675,0.075,train,"['A young girl sits looks at a book, turning the pages, while a younger child looks over her shoulder', 'A little girl around 6 years old is paging through a picture with her toddler sister', 'two sisters reading a book', 'Two children reading a book together.', 'two young children reading a book together', 'two siblings reading the book', ""Two toddlers flipping through a children's book\n"", 'Two children are reading a picture book; the older one turns a page and looks at it intently while sitting, and the younger one stands and points at it.', 'A young girl is reading a book and her little sister points to something on the page', 'A girl in a pink dress is looking through a book and her sibling is standing next to her, watching as she does this ', 'Girl and boy watching book']"
4,7-5-1-0-3-6-9-8-3775103698_9.mp4,1,0.275,0.925,0.275,0.6363636363636364,0.75,0.825,0.7222222222222222,0.125,train,"['Q woman explaining a picture to a man.', 'two people discuss plans for a playground', 'One person is looking at and motioning towards a picture of a stadium and the other person is looking and listening.', 'Two people are looking at a basketball court map.', 'A woman is talking to another woman about a poster showing a playing field and gesturing her hands at the same time.']"
5,8-6-0-3-9-6-6-0-19586039660_4.mp4,1,0.325,0.95,0.2272727272727273,0.15,0.425,0.7272727272727273,0.65,0.35,train,"['two babies play with toy', 'Two kids playing with a toy dog.', 'two children interacting with what appears to be a toy dog.', 'Two small children are playing with a toy in their living room.', 'A girl and boy are playing with a toy cat, the girl picks something up and then sits down, the boy then reaches for his turn.', 'Kids playing with a teddy of cat or dog ']"
7,9jw7D-exQDg_77.mp4,1,0.125,1.0,0.3,0.575,0.75,0.9,0.75,0.3863636363636364,train,"['two children sit next to eachother with microphones in their hands and the girl in the red shirt watches the girl in the pattern shirt while she talks', 'A lady and a young girl sing into a microphone.', 'A little girl sings with a older female', 'Two girls, one significantly younger, sing into microphones at home.', '2 sisters are singing together']"
8,FJzKgF-nR0E_15.mp4,1,0.15,0.8,0.2954545454545455,0.95,0.5,0.6818181818181819,0.775,0.225,train,"['A woman playfully laughs at a child who looks back at her.', 'child playing with a baby', 'A baby is playing with there toys well an older girl is laughing with them.', 'The baby in the bouncy chair and the adult are enjoying a good time together.', 'A woman tries to entertain a baby.']"
9,FSQ2vBJ0hmw_20.mp4,1,0.2,0.225,0.1,0.0,0.1363636363636363,0.35,0.7777777777777778,0.225,train,"['Two babies are lying in the cot kicking their legs, one on his back the other is on his front', 'The babies are laying in the bed', 'Two very young babies are laying down on their backs and mildly squirming their legs. ', 'Two young babies are wriggling side by side in a cot.', 'Two young babies in baby gros together laid down.']"
10,IkTAuzVeD2Q_46.mp4,1,0.075,0.9,0.25,0.95,0.75,0.65,0.425,0.2,train,"['A child feeding another.', 'Two children are in a kitchen, the elder child is feeding the younger one.', 'A young girl who appears to perhaps be an elder sister is holding out a spoon of food and feeding it to a younger boy in a high chair wearing a bib. The young boy is taking the food and has food around his mouth and front.', 'Toddler feeding her baby brother or sister', 'one child feeding another in a highchair ']"
11,WJ-84ioZqcc_41.mp4,1,0.275,0.875,0.1,0.1,0.425,0.6,0.725,0.35,train,"['Two children play with toy balls on a bed.', 'two children playing', 'Two young children are playing on the bed', 'Two little brothers are laughing and playing together on a bed with their toys in their little hands.', 'Two children laugh and play with a basketball and a football. ']"
12,b7y36KyAIoI_120.mp4,1,0.175,0.825,0.2,0.475,0.525,0.975,0.675,0.225,train,"['A man is describing and discussing food with a woman beside him in a kitchen.', 'A man and a woman are standing in a kitchen, observing a plate of food. The man reaches for the food while the woman smiles.', 'Man speaking to female cook whilst trying food', 'A woman has baked some treats and a man looks like he is complimenting her work whilst tasting.', 'A woman laughs in a kitchen.']"
13,bing-heavy_com_entertainment_2017_10_this-is-us-spoilers-chrissy-metz-kate-singing-songs__249.mp4,1,0.35,0.775,0.35,0.8409090909090909,0.375,0.875,0.35,0.325,train,"['A lady is sitting down and speaking into a microphone', 'A woman is singing to a man on stage.', 'Woman singing towards a man. ', 'A woman is talking or singing into a mic while looking at a man that is partially off camera.', 'a sister on the stage singing a song to her brother']"
14,eJRbWjg73fE_116.mp4,1,0.125,1.0,0.35,0.05,0.5227272727272727,0.75,0.775,0.05,train,"['Father showing teenager how to cook', 'a man with his son in the kitchen', 'A dad teaching a boy how to cook a dessert.', 'Baking a cake.', 'An adult and child cooking']"
15,flickr-0-1-6-8-3-2-4-3-4401683243_31.mp4,0,0.775,0.775,0.85,0.0,0.0681818181818181,0.175,0.4722222222222222,0.2,train,"['Two people sea fishing on the edge of a metal fence.', 'Two people are separately fishing at a beach, they are not together.', 'Man playing with his fishing pole while a woman stands next to her fishing pole.', 'Two men fishing by a very windy coastline.', 'Two people quietly fishing by the ocean, waiting for the fish to bite.']"
16,flickr-0-5-6-9-8-9-0-8-4405698908_26.mp4,1,0.45,1.0,0.6590909090909091,0.1,0.8055555555555556,0.7291666666666667,0.575,0.5454545454545454,train,"['Two women are on a stage singing. ', 'Two people are performing on stage, one sitting playing guitar and the other standing singing. They are aware of each other but not interacting.', 'A girl is sitting on the floor playing the guitar, while another girl is singing.', 'on a stafe with a black curtain behind them, a girl in an open checked top holds a microphone while a figure sits cross legged on the floor playing guitar', '2 teenage girls performing musical act']"
18,flickr-0-9-3-5-5-6-6-9-5809355669_3.mp4,1,0.075,0.875,0.0681818181818181,0.975,0.3888888888888889,0.7083333333333333,0.725,0.3863636363636364,train,"['A man is drinking a drink whilst the baby is laughing at him.', 'man playing with a baby', 'A man is drinking something from a straw well a baby is laughing at him', ""The adult is holding the baby's bottle and pretending to suck on it while the baby is laughing about it."", 'A baby laughs at a man drinking through a straw.']"
19,flickr-0-9-4-9-7-9-0-1-3009497901_3.mp4,1,0.125,0.925,0.2,0.9545454545454546,0.525,0.95,0.85,0.2,train,"['Baby watching a child read them a picture story. ', 'The child is showing the baby the book.', 'A young child reads a book to a baby.', 'One child showing his baby sibling a book', 'a brother reading his baby brother a book ']"
20,flickr-1-0-3-5-1-1-0-6-2810351106_1.mp4,1,0.05,1.0,0.175,0.7,0.6136363636363636,0.65,0.875,0.5833333333333334,train,"['two toddlers with one with a feather brush tickling the other toddler with it.', 'a baby is tickling another baby with a large brush', 'A child is waving a yellow fluffy duster to amuse a baby in a highchair.', 'todler touches baby head with duster', 'Playing ', 'One toddler tickles another with a feather duster']"
22,flickr-1-6-4-12557575164_3.mp4,0,0.275,0.825,0.125,0.3,0.6,0.825,0.85,0.3,train,"['An asian man and daughter on a rail track.', 'A parent and their child are riding a cart on a track together, smiling and posing for the camera.', 'Man and girl travelling on railcart.', 'A man and a small girl on a cart that is being pulled on a small track line.', 'The girl smiles at the van as they are moved along the track.']"
23,flickr-1-8-1-1-6-5-4-7-6118116547_81.mp4,1,0.15,1.0,0.025,0.025,0.7777777777777778,0.775,0.925,0.0833333333333333,train,"['A man is reading to a baby. ', 'A father is sitting with his child in front, on his lap, as they read a story book together', 'A father is reading to his baby, who is pointing out things in the book, while he is on his knee. ', 'a man sits on a sofa reading a book with an infant child sat on his lap pointing at the pages', 'father reading to a young baby']"
24,flickr-1-9-7-9-4-8-8-5-5319794885_45.mp4,1,0.6,0.975,0.525,0.4772727272727273,0.45,0.3863636363636363,0.475,0.225,train,"['A cook preparing a meal.', 'two men working while sparks fly in the background', 'One man picks up a pot and carries it across the kitchen as another man walks past him looking at him.', 'Two guys work in a kitchen with a big flame in the background.', 'Two people in a kitchen and one of them is carrying a silver pot.']"
27,flickr-2-2-8-4-6-0-2-0-8222846020_11.mp4,1,0.45,0.05,0.45,1.0,0.25,1.0,0.475,0.075,train,"['A man is explaining something to another man right in front of him.', 'Two young men talk to each other in front of a door, while standing a few feet apart.', 'Man speaking to woman in front of door.', 'Two people stand facing each other while one talks to the other', 'One man speaks to another man.']"
29,flickr-2-8-2-7-7-6-8-9-3028277689_11.mp4,1,0.125,0.2,0.0,0.8,0.6,0.8,0.85,0.325,train,"['A boy plays with a babies arms whilst the baby is resting.', 'child playing with a baby', 'One older child is holding the younger child by there hands and putting them together', ""An older brother is trying to play pattie cake with his little baby sister who's seated in her safety seat."", 'Siblings interact playfully with each other.']"
30,flickr-3-2-7-8-3-1-4-7-16232783147_5.mp4,1,0.025,0.025,0.05,1.0,0.8409090909090909,0.925,0.925,0.375,train,"['A woman is playing with a baby who is laughing.', 'A mother playing with her baby, making him laugh.', 'There is a woman playing with a baby - she smiles then makes a repetitive sound and moves her head forward three times while the baby laughs at her.', 'cute child laughing at mommy', 'A mother makes silly noises/faces to amuse her child.', 'A mother playing with her baby', 'A lady seems to be pulling faces at a baby in front of her who responds with smiles and laughter.']"
31,flickr-3-3-2-8-3-2-3-7-2833283237_47.mp4,1,0.125,0.775,0.15,0.1,0.5,0.475,0.35,0.55,train,"[""a boy is trying to brush a dog's teeth while a woman films it"", 'A boy washes a dogs teeth while a woman looks on', 'A young women seems to be enjoying that the boy is trying to brush the teeth of the dog.', 'A boy attempts to clean the dogs teeth whilst his mother leans forwards giving encouragement', 'Playing around like idiots trying to brush the dogs teeth']"
32,flickr-3-5-1-9-5-7-1-6-5535195716_54.mp4,1,0.05,1.0,0.125,0.8,0.35,0.65,0.725,0.375,train,"['2 children in the bath', 'Two young children in a bubble bath together playing with toys and the younger child is chewing on a toy.', 'Two babies in a bathing tub playing with the dolls.', 'The two boys are playing with the toys in the bathtub. ', 'Two small children are sitting in a bubble bath facing each other and they are playing with plastic bath toys']"
33,flickr-4-0-4-9-3-3-4-4-15540493344_49.mp4,1,0.325,1.0,0.425,0.025,0.85,0.675,0.65,0.2954545454545455,train,"['A man and a child play violins together in a living room.', 'Father and son playing their violins together.', 'The kid and the adult are playing violin ', 'An adult and a child, each with a Violin are playing in tune.', 'Playing the violin']"
34,flickr-4-1-6-2-6-0-0-0-23041626000_1.mp4,1,0.15,0.4,0.1,0.875,0.55,0.95,0.825,0.375,train,"['A old lady is making silly faces to a baby.', ""An elderly woman who is tickling a baby's stomach playfully."", 'an old lady is cheerfully tickling her grandchild while laughing and having some fun, and also doing some tidying up at the same time.', 'A woman is enjoying interaction with a baby and enjoys occasionally tickling him.', 'An older woman tickles a baby.']"
35,flickr-4-1-7-8-1-9-6-2-3941781962_7.mp4,1,0.15,0.925,0.2,0.1,0.475,0.625,0.525,0.4,train,"['therparist set up little block for her patient to practise walking', 'A lady being measured for aerobic athleticism. ', 'A woman with a knee injury trying to achieve some leg lifting.', 'A woman is learning to walk again after an injury.', 'Two women are doing a task in front of the mirror, the woman in red is adjusting some blocks and the woman in black is stepping over them.', 'one woman fitting a monitor on another woman before excercising']"
36,flickr-4-2-6-5-6-4-7-1-5442656471_12.mp4,1,0.15,0.8,0.075,0.4,0.55,0.675,0.7,0.325,train,"['A baby is playing with toy cars as the grown up watches.', ""An adult and toddler behind a child's table donned with crayons."", 'a dad is happily playing with his child, wanting to spend some quality time together.', 'The child is playing with a car with, what seems to be his father, then gets down from the table, supported by his father', 'A child is playing witha car on a table with, what appears, to be his father, and then the child gets down from the table supported by his father. ', 'A man, presumably a father, helps a child get down from a table.']"
38,flickr-4-7-7-6-8-6-8-3-10147768683_30.mp4,0,0.525,0.5,0.3,0.15,0.525,0.825,0.625,0.3,train,"['two men are walking through bushes in the mountains', 'It is a man and a woman who appear to be hiking in a forest', '2 hikers walking up a path in mountain area.', 'Two middle aged backpackers - possibly a couple clamber out of some foliage below the pine forest, up in the mountains.', 'climbing up the mountain helping each other by the climb']"
39,flickr-4-8-3-9-9-3-0-9-6748399309_20.mp4,0,0.35,0.9,0.3181818181818182,0.975,0.6111111111111112,0.8541666666666667,0.7,0.6136363636363636,train,"['A child in skiing gear being propped up by an adult and released to move down the hill slightly', 'An adult and child facing each other while skiing on snow and the child is balancing without poles. ', 'A young boy doing ice skating with a help of an adult.', 'The man is helping the child stand up on their skis and not fall. ', 'An adult in ski gear and with ski poles has a small child in front of them that they are trying to give instruction to']"
40,flickr-4-9-9-9-8-3-1-6-25549998316_29.mp4,1,0.125,0.975,0.075,0.1363636363636363,0.825,0.975,0.875,0.25,train,"['a man and a young girl playing cards.', 'a child and adult are placing cards on a table, they are smiling and talking to each other', 'A male adult and a youg girl playing a fun game of snap together.', 'A father and his daughter playing cards together, both seem happy.', 'a guy and a girl playing cards']"
41,flickr-5-0-2-0-2-2-2-2-2450202222_18.mp4,1,0.25,0.975,0.0909090909090909,0.075,0.0555555555555555,0.3541666666666666,0.75,0.3636363636363637,train,"['Two babies laying on the floor and looking up playing with toys.', 'Tho babies are playing while laying on a playmat.', 'Babies playing with toys.', 'Two babies laying on their back on a mat playing with toys.', 'Two babies lying under a mobile toy.']"
43,flickr-5-3-3-2-7-2-4-7-3053327247_9.mp4,1,0.4,1.0,0.2,0.1818181818181818,0.875,0.4499999999999999,0.75,0.6363636363636364,train,"['Two drummers beat in rhythm together', 'Two boys are practicing their drumming, one of the boys is more enthusiastic than the other.', '2 men playing the drums together', 'Two boys both playing the drums on stage, enjoying the beat.', 'two people playing drums, one is older adult and one appears to be a teen', 'students in a music class or a concert', 'Two men banging on drums', 'Two young men playing drums together.', 'Two black teens are drumming', 'Two men are playing the drums simultaneously ', 'Two black guys playing drums']"
44,flickr-5-4-8-7-2-0-2-6-2454872026_5.mp4,1,0.4,0.1,0.25,0.375,0.575,0.575,0.775,0.525,train,"['Two kids are dancing around in their lounge. ', 'Two children, an older girl and younger boy are both dancing and enjoying doing so.', 'A young girl and boy are dancing happily in their living room. ', 'A girl and a boy bounce around a room to music (presumably)', 'small girl and younger boy dancing']"
45,flickr-5-5-5-1-2-1-2-0-2755512120_95.mp4,1,0.175,0.125,0.225,0.675,0.6363636363636364,0.8181818181818182,0.325,0.575,train,"['Two small boys reach for each other as they sit next to each other apparently at a table while eating.', 'Two young brothers fooling around at the kitchen table.', ""The boy is holding the other kid's arm"", 'Two children, about one year olds, playing with each other.', 'playfighting']"
47,flickr-6-2-2-9-2-0-1-2-5362292012_12.mp4,1,0.275,1.0,0.25,0.875,0.675,0.6590909090909092,0.925,0.375,train,"['An older child blows a balloon to entertain a baby.', 'Big kid blows up balloon while small one laughs.', 'A small child is blowing up a red balloon while a baby looks on giggling at what he sees.', 'Two children blowing up a balloon on the floor.', 'A toddler boy blows air into a red balloon while a baby looks on laughing. ']"
49,flickr-7-4-1-1-3-9-5-4-8274113954_15.mp4,1,0.175,0.125,0.075,0.25,0.9545454545454546,0.775,0.75,0.175,train,"['A man walking with an infant.', 'a father holds hands with their child as they walk', ""An adult is holding a toddler's hand and they are walking towards the camera."", ""A father holds his young kid's hand while helping him walk."", 'A man is walking a toddler across a room holding him by the hand.']"
50,flickr-7-7-0-5-0-7-0-9-4177050709_33.mp4,1,0.15,0.9772727272727272,0.125,0.1,0.5,0.825,0.45,0.225,train,"['A man and woman are in the kitchen, the man goes to help the lady with some preparation', 'The couple is cooking', 'A woman is cooking and signals to the nearby male to do an action which I think is to pick up a dish, which he quickly does. ', 'A woman is in a kitchen and about to carve a chicken and the man watching her, puts a bottle down and goes to help her.', 'Woman and man in a kitchen with food, the man puts his bottle of beer down.']"
51,flickr-7-7-6-9-8-7-4-3-6077698743_33.mp4,0,0.275,1.0,0.0,0.0,0.825,0.65,0.775,0.2,train,"['A woman and a boy are sitting in the water playing. ', 'A mother and child are both sat on the floor of a waterpark or water feature, both are actively engaging with one another.', 'A woman is sitting with her toddler at the swimming pool, while he plays with bucket. ', 'A woman and a young child wearing bathing costumes and swimming caps sit on the edge of an outdoor pool filled with fountains', 'mother playing with child in water']"
52,flickr-7-8-3-9-5-6-9-1-3078395691_54.mp4,1,0.325,0.05,0.225,0.4318181818181818,0.35,0.5681818181818181,0.9,0.225,train,"['two babies sitting on a carpet.', 'two babies sat and laughing at a toy being waved off camera to their right', 'Two young babies giggling and finding the world funny at Christmas time.', 'Two babies sat next to each other, both laughing', ""two babies sitting down, one looks like it's laughing""]"
54,flickr-7-8-5-0-9-0-9-0-4078509090_12.mp4,1,0.025,0.5208333333333334,0.0,0.125,0.85,0.625,0.575,0.25,train,"['this looks like a mother feeding her baby some food during their meal.', 'a mum is trying to get her baby to eat something off her finger', 'A wriggly, young child is being comforted by an adult.', 'woman feeding baby', 'Feeding a baby', 'I mum feeds her toddler some food directly from her finger']"
57,flickr-8-4-2-6-5-3-9-1-9784265391_7.mp4,1,0.025,0.675,0.025,0.05,0.5,0.6,0.575,0.325,train,"['A woman playing with a infant.', 'a mother holds their baby as they cry', 'A woman is holding a baby on her lap and the baby is sucking on her hand.', 'A mother wipes off her young son.', 'A woman holding a baby who then vomits so she catches the vomit with the blanket in her right hand.']"
58,flickr-8-7-2-6-6-0-0-8-3387266008_18.mp4,1,0.35,0.875,0.325,0.025,0.125,0.0749999999999999,0.45,0.2272727272727273,train,"['An older sibling in the bathtub with a younger sibling outside the tub', 'A little girl is taking her bath while her baby brother plays with the shelf.', 'little girl in the bath while her even younger brother is looking through toiletries ', 'Two children in the bathroom, the older one in the bath and the baby playing with something on the shelves.', 'two children in the bathroom, one older in the bathtub and a younger child outside of the bathtub', 'two kids playing in the bathroom while one is in the tub ', 'A toddler bathes while a baby plays with bathroom supplies', 'Two babies or toddlers are in a bathroom; one bathes while the other examines something in an adjacent shelf.', 'Young girl in a bath in the background, and a baby with a dummy looking at items on a shelf', 'A child is in the bath and their baby sibling is rifling through the cabinets adjacent.', 'Two kids in the bathroom']"
59,flickr-8-9-7-9-5-0-4-1-6189795041_19.mp4,0,0.575,0.975,0.775,0.05,0.075,0.275,0.25,0.475,train,"['An individual fixing up shopping carts.', 'Two people are outdoors in a field, one is standing on a quadbike while the other appears to hit a trolley with a large hammer.', 'A man is standing above some beat up looking supermarket trolleys. He has some type of hammer or device and seems to be making smashing motions on the trolleys. Another man in a type of vehicle is standing on it and watching from behind. ', 'Man that is about to destroy/dismantle a shopping cart with a steel hammer', 'one man hitting some metal with a hammer, man in the back looking on']"
62,flickr-9-6-7-8-7-6-4-6-2496787646_9.mp4,1,0.05,0.925,0.0,0.0227272727272727,0.4772727272727273,0.35,0.7,0.25,train,"['An adult is holding a baby who is waving around two plastic cups', 'A woman holding a baby who is playing with a cup', ""A baby, sitting on its mother's knee, banging a plastic cup and lid together, while the mother looks ahead."", 'A baby banging cups together, being held by an adult who is facing the baby away from them', 'woman with an inquisitive baby']"
63,flickr-9-7-4-6-7-4-5-2-2597467452_51.mp4,0,0.1,0.925,0.0,0.2,0.9166666666666666,0.7708333333333334,0.575,0.3409090909090909,train,"['Mom cautiously feeds her baby some water', 'A mum holding a bottle of water and the baby drinking out of the water bottle.', 'A mother feeding her child some water.', 'A mother is giving her baby some water from a bottle.', 'A woman is helping a baby take a drink from a water bottle.', 'mother feeding water to baby from water bottle']"
64,flickr_R-1-2-8-9-1-4-3-5-4212891435_36.mp4,1,0.15,0.975,0.275,0.0,0.2272727272727273,0.05,0.6,0.075,train,"['Two children reading.', 'Two children in dressing gowns are sat on the floor, they appear to be playing with books.', 'Two young children are on the floor. One is a young boy at the front who appears to be engrossed in some type of toy or game on the ground. The other is a younger girl who is holding a book upside down and opening some pages. Neither communicate with each other.', 'Brother and Sister busy looking at books', '2 kids playing whilst one is looking at a book on the floor']"
65,giphy-10TNZYlPEDFR3a_3.mp4,1,0.3,0.275,0.375,0.75,0.7272727272727273,0.7,0.8611111111111112,0.5,train,"['there are two toddlers laughing one one is moving their hands in a expressive manner.', 'a child is flapping his arms while another child is laughing', 'A young child appears to be laughing as he is playing with another young child.', 'too toddlers having fun', 'Children laughing and playing ', 'Two children laugh with one waving their arms']"
66,giphy-5gH28DhukBKlq_2.mp4,1,0.375,0.925,0.45,0.0454545454545454,0.0555555555555555,0.1999999999999999,0.575,0.2777777777777778,train,"['A woman bowls while keeping one arm strangely straight.', 'Lady throws a bowling ball while man watches.', 'A woman is throwing a bowling ball while a man stands by watching her.', 'Two people in a bowling alley, one of which is learning how to bowl.', 'A woman throws a balling ball down the lane whilst a man stands nearby watching. ']"
67,gvztLkrmEIg_137.mp4,1,0.5,1.0,0.275,0.0,0.55,0.3249999999999999,0.7,0.4545454545454545,train,"['Two children using plastic chairs to help them ice skate and one falls over forwards', 'Two small children both pushing their own ice-skating trainer on ice.', 'Children pushing plastic chairs across some ice or snow.', 'Two kids are ice skating and both are using a beginner handheld assist tool in front of them.', 'two small children skating on the ice using aids']"
68,t2z1X76v4ys_178.mp4,0,0.275,0.975,0.85,0.175,0.0,0.15,0.625,0.375,train,"['A guy is using an electric buffer to clean the trunk of a car.', 'An older man is using a buffing tool on the trunk of a vehicle.', 'Man machine polishes boot of car whilst another watches from distance', 'A man buffs out some paintwork on a car', 'A man polishes the trunk of a car.']"
69,twUN1iwMWgY_1320.mp4,1,0.225,0.95,0.0681818181818181,0.0454545454545454,0.525,0.2272727272727273,0.675,0.125,train,"['Boy stands behind a young woman and brushes her hair.', 'Son brushes his mothers hair.', ""The kid is brushing the lady's hair."", 'A woman sits on a chair, facing the camera while someone standing behind her is making her hair.', 'Brushing hair']"
70,vine-A-kid-bowing-a-wheel-JohnnyRandom-MgJUX6q5pV5_1.mp4,1,0.5,1.0,0.25,0.2,0.5,0.75,0.575,0.4,train,"['A boy fixing a bicycle wheel while a man watches and encourages', 'A kid using a stick and hitting it against a bicycle wheel.', 'An adult watching a child attempting to repair a bicycle.', 'A young boy appears to be playing a bicycle spoke like a violin.', 'A man and boy are examining a bike. ']"
71,vine-Discussing-gopher-problems-with-Frank-from-the-parks-department-hLpauJl9VBw_1.mp4,0,0.425,0.9583333333333334,0.375,0.525,0.475,0.775,0.55,0.3863636363636364,train,"['A little girl watches as a man digs in the ground.', 'A man in a high visibility vest looks like he has dug a hole and is putting something into it but it is difficult to tell due to the shadows.  A young girl is watching on.', 'A man in a high visibility vest has dug a hole and is putting something in it whilst a young girl watches.', 'A man putting his hand in a hole with a girl standing nearby', 'Man planting a tree infront of a girl.', 'A child is watching a man work with something in a hole in the ground, electrical wires or pipes perhaps.', 'A man is putting his hand in a hole in the ground as a little girl watches.']"
72,vine-MBwjdF6eU79_2.mp4,1,0.025,1.0,0.25,0.0,0.0,0.1875,0.7,0.0909090909090909,train,"['one man knitting with headphones in sat next to another man on his computer', 'One person using a computer while the other has on his earbuds using a mobile device.', 'A person knitting beside someone else using a computer.', 'Young men are at a computer station involved with tech activities.', 'A man is knitting while another person is on the computer. ']"
73,vine-MKEjBiBY6Fw_1.mp4,1,0.15,0.046875,0.05,0.025,0.9090909090909092,0.8409090909090909,0.55,0.675,train,"['Two woman playing a game on the floor.', 'Two people are lying on the floor, playing about and moving their legs around with big movements.', 'two people laying on there backs locking legs together', 'Two girl leg wrestling', 'Two young girls are lying on the floor on their backs facing the opposite direction.  They both lift their right leg and then entangle them and one begins to lift off the floor. It looks like a game.', 'Two girls are rolling around the floor, playing.']"
74,vine-MVvgr5hA3JD_1.mp4,0,0.225,0.95,0.375,0.025,0.075,0.0999999999999999,0.3,0.225,train,"['A girl drinking water and almost shocking.', 'A young woman is taking a drink from a water bottle.  She appears to choke on the water slightly and wipes some water from her chin.  There is another woman leaning against a window perhaps observing this.', 'A young woman is taking a drink from a water bottle and looks like she has choked on it, spilling a little and wiping her chin whilst another woman leaning against a window looks on.', 'A girl drinking juice and gagging', 'A girl drinks water from a bottle ', 'A women is leaning against a wall/window and another woman is standing in front of her taking a drink of juice out of a bottle. She drinks too quickly and belches.', 'A girls is drinking and choking on water and another girl is standing in the background.']"
76,vine-arm-wrestling-h6itJarOtiI_3.mp4,1,0.075,0.1,0.1,0.9,0.6818181818181818,0.675,0.525,0.55,train,"['Two people having a strength contest.', 'a young man and woman are having an arm wrestle on a kitchen counter', 'A man and a woman arm-wrestling.', 'Two people having an arm wrestle', 'arm wrestling showing the winner', 'man beating a woman at arm wrestling', 'A guy is armwrestling a girl and she appears to be pinned and struggles to retaliate.']"
77,vine-hxLaMMzZhv0_1.mp4,1,0.3,0.975,0.325,0.0,0.2,0.175,0.75,0.025,train,"['Two girls are sitting on the floor both knitting', 'They girls are knitting in silence.', 'Two girls are sitting beside each other and focusing on knitting their individual items. ', 'Two girls are sitting on a bedroom floor knitting.', 'Women knitting on the floor in a bedroom']"
78,yt---kgxi3dRc8_202.mp4,0,0.2708333333333333,0.7,0.15,0.425,0.3409090909090909,0.925,0.45,0.225,train,"['2 men admiring a fish they are holding', 'The person on the left in red is holding, talking about and showing a fish to the person on the right in blue.', 'Two men but one catching a fish.', 'The man is showing his friend the fish he caught. ', 'Two adult males in waterproof fishing gear are inspecting a fish that one of the men is holding']"
79,yt--7QDJQU657I_4.mp4,1,0.125,0.1363636363636363,0.0,0.025,0.825,0.75,0.9,0.6590909090909091,train,"['A man is pretending to play the drums with his child on his lap', 'The dad is playing with his daughter ', ""A girl is sitting on a man's lap whilst she airdrums and the dad is helping her airdrum. "", ""A little girl is pretending to play the drums while sitting on her father's lap."", ""Daughter sitting on father's lap, the daughter is laughing as a result of her father making her do a funny action""]"
80,yt--Sv97d457Uw_137.mp4,0,0.475,0.1818181818181818,0.625,0.975,0.55,1.0,0.35,0.425,train,"['there are two people talking over a fence with looks like a discussion about the overgrown plant and whose responsibility it is.', 'a man is talking to another man about a bush', 'Two men are discussing a plant in a garden area.', '2 people talking to each other', 'Talking ', 'One man explains something to another, gesturing with his hands']"
81,yt--d_UnNREYO4_61.mp4,1,0.25,0.4583333333333333,0.225,0.95,0.7,0.9,0.575,0.3636363636363637,train,"['Two indants laughing in buckets.', 'two babys sit in buckets as they laugh at each other', 'Two babies in separate blue pails are looking at each other, laughing and touching their faces as they bath in the water.', 'Two babies sitting in big blue buckets are laughing and smiling.', 'There are twins each sitting in a plastic container, pointing at their own faces and laughing to each other.']"
82,yt-0Bzn7lSvTmA_9.mp4,1,0.225,0.1,0.175,0.925,0.5,0.85,0.9,0.2222222222222222,train,"['2 babies laughing while sitting in blue chairs', 'Two young babies sitting in matching small chairs looking at each while the baby on the left makes a sound and then the baby on the right laughs.', 'Two babies playing together.', 'The two babies are smiling and taking turns laughing. ', 'Two babies are sitting up, and one of the babies is laughing and interacting with the other one']"
85,yt-11lRVNynHq0_23.mp4,0,0.5208333333333334,1.0,0.3,0.15,0.3863636363636364,0.175,0.4,0.175,train,"['one man is shoveling while the other is crouching and watching', 'One man is digging a hole in a field while another kneels and watched', 'A tall man is seen shoveling  the ground while another man is seen crouching and observing him.', 'A worker with a spade digs a grass sod, with a middle class trendy sports hippy crouching down observing for the camera.', 'Come on getting digging so we can fine something quickly']"
86,yt-1bNx06Nq40k_73.mp4,1,0.2,1.0,0.5454545454545454,0.0,0.8,0.4545454545454546,0.7,0.625,train,"['A kid playing guitar and singing with another kid is playing drums behind him.', 'Kids are singing and playing musical intruments.', 'There is one boy playing the guitar and singing into a microphone and another boy seated a metre or so away from him who is playing a drum kit.', 'There is a young playing the guitar and singing into a microphone while another boy sits a metre away from him, playing a drum kit. ', 'jamming out with friends', 'Two children are seen playing instruments and singing in their band.', 'Kid playing the guitar and singing and another child playing the drums', 'Two children are playing instruments, one plays drums while the other sings and plays guitar.']"
87,yt-1iBn-CjHBgc_22.mp4,1,0.075,0.15,0.0,0.475,0.575,0.8,0.3,0.725,train,"['A baby being held by its mother is crying and then the mother comforts it.', 'A woman attempting to console a small, crying baby. ', 'A woman comforting a crying baby.', 'A woman is holding a crying baby over her shoulder.', 'a crying baby being comforted by their mum']"
91,yt-2Ks8gsK22PA_14.mp4,1,0.325,1.0,0.3409090909090909,0.3,0.825,0.5454545454545455,0.65,0.625,train,"['there are two people each with a drum each banging their hands on them.', 'two men are playing on bongos', 'There are two men who are playing drums in a band and seem to be playing to an audience by their manner.', '2 men playing drums without sticks', 'Playing bongo drums ', 'Two men beat on drums with their hands whilst moving rhythmically ']"
92,yt-2ULEIoRKW_Q_35.mp4,1,0.2,0.265625,0.15,0.025,0.2954545454545455,0.6818181818181819,0.375,0.625,train,"['Two babies laid next to each other both crying', 'Two babies laying down and crying at the same time.', 'Two babies laying in a crib and crying.', 'Two babies are not having a good time as they cry in bed.', 'Two babies are crying. ']"
94,yt-2r4fsa-FerM_512.mp4,0,0.55,1.0,0.35,0.1136363636363636,0.25,0.0999999999999999,0.6111111111111112,0.45,train,"['2 men fishing, both holding fishing rods', 'Two people on a boat deep sea fishing, the person in red has likely caught something and is reeling it in.', 'Two men doing fishing in an ocean.', 'Two people are fishing next to each other. ', 'Two people are on a boat out at sea with fishing rods.  One of the people has a fish on his line and is trying to catch it']"
95,yt-3cMBMW1l4L8_137.mp4,1,0.25,0.9,0.275,0.1818181818181818,0.5,0.55,0.6,0.175,train,"['two women are eating and one of them passes a napkin to the other', 'The people are eating', 'One woman is eating pizza whilst seemingly searching for something, while the other woman is eating pizza and handing a napkin to the first woman. ', 'Two women are sitting at a table eating and one hands the other a napkin.', 'Two women holding heavily laden sandwiches']"
96,yt-3feY7fLgX4M_737.mp4,1,0.15,0.75,0.15,0.075,0.4090909090909091,0.925,0.7,0.1388888888888889,train,"['two men talking in a car.', 'two people in a car, the person on the left is talking, the person on the right is chewing and moves their head slightly to the left.', 'A driver and passenger travelling in a car together.', 'Two young men chatting as they drive', 'two people in a car, one driving one a passenger']"
97,yt-4ECKZXJX9FY_7.mp4,1,0.35,0.975,0.5,0.45,0.725,0.35,0.5,0.6,train,"['two martial artists setting up to attempt to break a piece of wood with a kick.', 'the person on the left is holding a board, the person on the right stands side on and steps toward the board, lifting their leg up and tapping the board with their right foot', 'A Thai Kwon Do student practicing his aim at hitting a board with his foot which the instructor is holding.', 'Two men doing judo, one is preparing to kick a piece of material held by the other man.', 'judo training, trying to break something with a kick']"
99,yt-4JNdEFzM86k_274.mp4,0,0.4,0.075,0.5454545454545454,0.925,0.7,0.9772727272727272,0.5,0.45,train,"['A few people talking.', 'Two people are stood outsde chatting, they both appear to hear an unexpected noise below them', ""A man in a white shirt and a man in a green shirt are both communicating to each other. They make motions with their hands near their ears. Then both turn shocked to look at something on the floor near the man in the green's feet."", 'Asking his friend if he heard that noise, in which they then both look down in the direction the noise came', '2 men speaking together']"
100,yt-4vsQkKl13Qc_682.mp4,1,0.325,0.8,0.225,0.375,0.775,0.9090909090909092,0.425,0.275,train,"['two men discussing work at a desk', 'they are talking about a book', 'Two young men have a discussion while waving some paper around.', 'Discussing the contents in a paper.', 'two adults looking at papers and talking']"
102,yt-6RiK4Sg2tSY_75.mp4,1,0.125,0.109375,0.075,1.0,0.75,0.8863636363636364,0.875,0.325,train,"['A baby laughing', 'A person on the right is holding the legs of a baby and the baby is giggling.', ""An adult holding baby's leg making him laugh."", 'The person is interacting with the baby to make him smile. ', 'A baby is lying on the floor and laughing and interacting with an adult who is holding their legs']"
103,yt-7-zxdVaYzDA_301.mp4,1,0.35,0.125,0.325,1.0,0.8,0.9,0.525,0.2045454545454545,train,"['Two men seated in armchairs and facing each other are conversing', 'One man speaking with/interviewing and older man', 'A middle aged man in a suit is sitting opposite an older man and he appears to be explaining something and gesticulating, while the older gent looks on attentively.', 'Two people speaking in comfortable chairs', 'one person talking the other listening']"
104,yt-74Pt4L0NrGo_187.mp4,1,0.125,1.0,0.0,0.0,0.4772727272727273,0.7,0.725,0.25,train,"['Two kids spreading cream cheese on crackers.', 'Two kids eating and looking all happy.', 'Two boys sit side by side in conversation, both boys are placing some sort of dip onto a snack; one boy smiles at the camera.', 'having fun eating together', 'Two young boys pasting something onto a stick', 'kids spreading something on top of their food', 'Two children who look happy sat together with some kind of food and a plate each.']"
105,yt-7Gw5igJ3Uc0_45.mp4,1,0.1,0.55,0.05,0.7,0.575,0.675,0.875,0.45,train,"['Q woman playing with an infant.', 'a baby sits on a bed laughing as a woman interacts with them', 'A person with long hair leans over and kisses a baby and the baby smiles and looks excited.', 'A mother kisses her young son.', 'There is a young child sitting on a bed and a woman appears in front of the child suddenly which makes the child laugh.']"
106,yt-7eF1aYP8gCQ_9.mp4,1,0.125,0.875,0.175,0.9772727272727272,0.45,0.8,0.7,0.325,train,"['Two kids are in the bath smiling. ', 'Two children are in a bath together, sat down, as the older child blows through a harmonica the younger child laughs.', 'Two young children are laughing and playing together in the bath.', 'Two young children share a bath', '2 toddlers having a bath']"
108,yt-84Tw9n59zw0_24.mp4,1,0.325,0.475,0.25,0.6,0.475,1.0,0.625,0.2,train,"['A woman talks about food while another woman listens to her.', 'Two women are standing and talking in a kitchen with bowls of ingredients, a crockpot, and a large sandwich in front of them on the counter.', 'Shopping channel presentation with female guest explaining product to female presenter.', 'two women looks over some food and discuss the products in front of them', 'Two attractive blonde women talk in a kitchen.']"
109,yt-8U-qwDgKU2E_2.mp4,0,0.15,0.925,0.175,0.5227272727272727,0.3863636363636364,0.6,0.1,0.8,train,"['there is one man sitting in a chair and another man comes over and sprays him with water and slaps him in the face', 'A man spays another man in the face and then slaps him.', 'A child sprays someone with water before slapping them.', 'Person sprayed other person in the face with a hose and then slapped them.', 'a man is pranking his friend by spraying a hose then slapping him']"
110,yt-8jK--lY7pww_12.mp4,1,0.525,0.8181818181818182,0.575,0.0,0.35,0.5,0.625,0.2954545454545455,train,"['a man on a hockey rink.', 'two people on ice, the person on the right is skating in the direction of the camera, moving their arms to help them move. the other is stood still', 'An ice hockey instructor skating forwards on the ice showing a student how to do it.', 'Two ice skaters, one moves forward from the other with the other watching', 'one man skating on ice, one watching him']"
111,yt-9AkGB_rRbIQ_95.mp4,1,0.125,0.25,0.0,0.95,0.575,0.525,0.625,0.35,train,"['Woman cleaning a baby in a sink.', ""A female bathing a newborn baby's head with water from a bowl in the sink."", 'a nurse is checking over and cleaning a newborn child in a sink, while ensuring it is healthy.', 'Awoman is washing a baby;s hair and the baby is upset and crying.', ""A woman washes a baby's hair over a sink.""]"
112,yt-9LkmwSItZlk_5.mp4,1,0.075,0.2,0.025,0.0454545454545454,0.375,0.675,0.125,0.825,train,"['Two babies are crying', 'Twins lying on a bed, both crying. ', 'Two babies crying while laying on a cot.', 'Two babies are laying very close together and crying.', 'two babies crying next to each other']"
113,yt-9OU9ycaIiGM_35.mp4,1,0.075,0.1,0.0,0.2272727272727273,0.5,0.8,0.575,0.325,train,"['A man comforting a infant.', 'a baby crys while sitting on a mans knee', 'A man is holding and comforting a crying baby.', 'A dad comforts his upset baby.', 'A small child is sitting crying whilst the man tries to calm her down by stroking her front and kissing her head.']"
115,yt-A77SpYVvfKE_5.mp4,1,0.425,0.875,0.325,0.9,0.675,0.75,0.4,0.775,train,"['A man sparring with his partner.', 'A kick boxer trains with his trainer', 'One man is holding up pads and another man is kicking them.', 'Two guys are sparring in kick boxing.', 'Two people kickboxing in a ring.']"
116,yt-ACR1T1nMR0E_57.mp4,1,0.35,0.0454545454545454,0.575,0.925,0.5,1.0,0.55,0.125,train,"['Lady talkes with her colleague and gestures', 'One lady explaining something to another lady whilst expressing her feelings with her hand.', 'Giving an opinion on a subject they are both studying', 'One woman is explaining something to another woman in an office.', 'To women are sitting next to each other at a desk covered in paperwork, one women is explaining something to the other woman.', '2 women talking or discussing work or having a meeting']"
118,yt-AhM9i0zrIEo_19.mp4,1,0.05,0.975,0.075,0.65,0.5833333333333334,0.525,0.65,0.1666666666666666,train,"['a mother washing her baby in the bath.', 'an adult is giving a baby a bath, the baby is reacting to water being put on their head.', 'mother and baby bathing together.', 'A mother tending and washing her baby in the bath', 'a mum in the bath bathing her baby who is in a smaller bath']"
119,yt-BJa2Fs1UyZ0_71.mp4,0,0.175,1.0,0.25,0.05,0.45,0.65,0.625,0.275,train,"['Two young boys are cleaning a paddling pool by using brushes in soapy water', 'The boys are playing in the water', 'Two young boys are brushing what looks like a plastic pool.', 'Two boys are in a swimming pool, one sitting and one standing, and they are each holding a long-handled cleaning pole.', 'Boys attempting to clean water from the ground']"
120,yt-BVDyfz_RdZo_168.mp4,1,0.6,0.34375,0.65,0.025,0.3863636363636364,0.3409090909090909,0.675,0.775,train,"['there is a woman performing tap dance while another woman sits behind her and plays an instrument', 'A lady plays the piano while another lady dances.', 'A woman in pink dances while a friend watches.', 'Woman tap dances while another woman plays piano.', 'a lady is dancing and celebrating in a dance class']"
121,yt-CQzqhM81T_M_5.mp4,1,0.075,0.125,0.0,0.0,0.725,0.525,0.075,0.7272727272727273,train,"['Two very small babies are wrapped up side by side and crying hard', 'Two very young babies crying side by side', 'Two babies, wrapped up cosily, are lying on their backs next to each other crying loudly.', 'Two babies crying, they are very young and might be twins', 'crying babies']"
122,yt-CycYi5Z5guk_25.mp4,0,0.225,0.9545454545454546,0.3,0.85,0.25,0.4,0.2,0.5227272727272727,train,"['two men outside a door, both are drinking but one is smoking', 'The people are smoking ', 'A man take a puff of a cigarette and is seemingly about to blow the smoke the other mans face, who is shivering from the cold. ', 'Two men are standing in the street holding cups and one of them takes a puff of a cigarette and blows it towards the other one.', 'Two men stood outside with a coffee in hand, one man is smoking and the other wears a cap']"
123,yt-D0FQ_5wWv_s_5.mp4,1,0.025,0.025,0.0,0.175,0.8181818181818182,0.825,0.825,0.375,train,"['A mother delightfully playing with her blind baby.', 'a woman is holding a smiling toddler', 'A woman and a child laughing together.', 'A woman and baby laughing', 'Mother interacting with child', 'woman cradles laughing toddler', 'A child seems to be laughing and remembering something, while embraced by their mother.']"
124,yt-DlUgLVITRn0_3.mp4,1,0.3958333333333333,0.975,0.6,0.0909090909090909,0.1136363636363636,0.55,0.35,0.25,train,"['Friends chatting in a room.', 'two women are standing in a room, both wearing dresses, one woman eats something and the other notices and looks annoyed', 'Two women in a room.', 'A Woman texting whilst standing with another woman', 'girl looking peeved and  not happy about what other girl is doing', 'two young women casually hanging out', 'The woman on her phone seems unimpressed (""like really? ...) with the other woman in pink. ']"
125,yt-DnrzWno9RY0_28.mp4,1,0.0833333333333333,0.125,0.1,0.675,0.3409090909090909,0.65,0.625,0.45,train,"['A crying baby is lying beside a wide-eyed, calm baby.', 'Two babies are lying next to each other, holding hands. One of the babies is crying and one of the babies is smiling.', 'Baby girl comforts crying Baby boy in bed', 'two babies lay in a bed and one of them is crying while the other watches on', 'One baby cries while another watches.']"
126,yt-EB_2BGaRiNU_9.mp4,1,0.0,0.925,0.05,0.975,0.475,0.875,0.7,0.25,train,"['A dad is showing his son how to brush his teeth', 'The boy is brushing his teeth', 'A young is getting ready to brush his teeth and his father is watching. ', 'A man is watching his little boy clean his teeth.', 'Child seems a bit reluctant to put food to his mouth with an adult watching, however, the child eventually does']"
128,yt-FSXBt3Sak1E_25.mp4,1,0.05,0.525,0.0,0.325,0.55,0.875,0.85,0.3,train,"['Mum fanning baby', 'a woman smiling with her baby', 'A woman holding a happy baby.', 'Playing with a baby.', 'An adult holding a baby']"
129,yt-G7OeEYC-zy4_57.mp4,1,0.1,0.975,0.075,0.5454545454545454,0.5,0.95,0.75,0.475,train,"['girl combs hair of her little brother', 'Boy typing on the computer keypad and girl, potentially sister, combing his hair with a brush.', 'A girl enjoying brushing her friends hair.', ""A girl is brushing a boy's hair while he plays on the computer."", 'One child is working on a computer whilst a girl next to him brushes their hair.', 'one girl combing a boys hair probably brother and sister']"
130,yt-HNPvM6RfXsY_12.mp4,1,0.075,1.0,0.275,0.225,0.4318181818181818,0.25,0.725,0.4166666666666667,train,"['two babies are sitting together and brushing their teeth', 'Two babies are brushing their teeth.', 'Two children brush their teeth in play toys', 'Two babies brushing their teeth.', '2 toddlers brushing their teeth']"
131,yt-HT3D9Cpx8Lw_28.mp4,1,0.525,0.4791666666666667,0.325,0.1,0.4,0.575,0.275,0.6590909090909091,train,"['A crying child holding onto the side of a pool with a man in the pool nearby him', 'The child is being taught how to swim.', 'A young girl swimming and crying at the edge of a pool while a man swims behind her.', 'a child crying because they dont like the water in the pool', 'a child in a pool learning to swim with an older boy ']"
132,yt-HYtGXOKUyCk_5.mp4,1,0.225,0.015625,0.175,1.0,1.0,0.8636363636363638,0.8,0.525,train,"['Two girls playing Pat a cake, Pat a cake', 'two children are doing a kids handshake in a living room', 'Two girls playing patticake.', 'Two girls playing a clap hand game', 'two friends playing a hand game which involves a ""pat-a- cake"" theme', 'two girls playing a clapping game', 'Two girls are playing a hand game together.']"
133,yt-H_bBYuPxXkU_71.mp4,0,0.45,0.175,0.375,0.175,0.6818181818181818,0.55,0.8055555555555556,0.45,train,"['Two men are dancing near a water fountain.', 'two men dancing', 'Two guys are making the robot dance move out in public', 'Two teenage boys are practicing particular dance moves like stick people.', 'Two people street dance next to each other.']"
135,yt-HsV1AkMICLQ_51.mp4,1,0.275,1.0,0.55,0.0909090909090909,0.275,0.5,0.775,0.6,train,"['A guy is playing the drums and jamming to music on headphones.', 'A young man wearing headphones plays the drums.', 'Playing drum set in a studio', 'A male playing the drums with some headphones on', 'A man plays the drums.']"
136,yt-Jpw2EHf2-3s_508.mp4,0,0.425,0.75,0.3,0.175,0.725,0.675,0.375,0.4318181818181818,train,"['Two men in the army talking to each other in wilderness. ', 'Soldiers talking.', 'Two men stand side by side, in conversation, in a forest while carrying two weapons, one of the men removes his hat.  ', 'brothers in arms outdoors ', 'Two men in military attire stand watching, while carrying archery equipment and backpacks.', 'two army men standing in a field, chatting to each other.', 'Two adults in military style clothing are standing in what looks like a wooded area, one of them removes his cap.']"
137,yt-K1EmbP7RMrQ_103.mp4,1,0.2,0.7,0.35,0.1136363636363636,0.4545454545454545,0.375,0.75,0.4,train,"['Two children are dancing in the kitchen.', 'two children dancing', 'Two kids are in the kitchen dancing and playing around', 'Two young boys are trying to copy the dance moves they see on the television.', 'Two children dance next to each other without any real interaction with one another.']"
139,yt-K8ATZKxAgck_32.mp4,1,0.225,0.1,0.0,0.025,0.3,0.625,0.375,0.725,train,"['A curious and calm toddler sits on a green sofa while another toddler leans on him and cries  ', 'Two toddlers on a sofa together', 'Two babies, one crying and the other laid back, sitting on a sofa.', 'Two babies, both wearing orange clothing. One is crying', '1 baby crying the other baby looks bemused']"
140,yt-KYxzJcHV8bI_485.mp4,0,0.525,0.9583333333333334,0.525,0.95,0.575,0.925,0.475,0.4772727272727273,train,"['Child standing on a swing with a girl watching ', 'Two girls playing and one is on the swing.', 'One girl standing on a swing as another girl looks on.', 'One kid playing on a swing and a girl watching them play', 'one friend standing on a swing while another friend watches ']"
141,yt-KZqqB7yoVYw_11.mp4,1,0.525,0.1,0.625,0.025,0.8055555555555556,0.1999999999999999,0.75,0.25,train,"['two young girls practise ballet', 'Two girls performing ballet moves in a dance hall. Jumping from one side to the other.', 'Young children learning the basics of ballet', 'Two girls are practising their ballet moves.', 'The two dancers jump to one side, they time their movements to be identical.', 'two ballerinas practicing']"
142,yt-LBVBFl3eNg8_88.mp4,1,0.125,0.075,0.2,0.925,0.5,0.925,0.025,0.775,train,"['two people in a vehicle and one slaps the other on the face with the other person is disbelief.', 'a man with sunglasses slaps another man in a car', 'Two men appear to be in a vehicle and are arguing or speaking in a heated manner.', 'man slaps woman on cheek', 'Hitting and arguing ', 'A man in glasses angrily slaps another man in a car']"
143,yt-LrJEzt-ytsM_18.mp4,0,0.425,0.85,0.0454545454545454,0.05,0.55,0.7045454545454545,0.625,0.2,train,"['A little girl getting off Daddys ride on mower.', 'A man is helping a child get off a small vehicle ', 'A young girl being helped down by an older boy.', 'Man helping a child off a motorised vehicle', 'small child alighting  from  a ""dodgem"" who probably didn\'t like being squashed in', ""little girl climbs off ride on lawn mower with driver's help"", ""A man appears to be observing a little girl dismount the lawnmower, and he holds her hand to ensure she is safe and doesn't fall.""]"
144,yt-M1SHOxaP24s_29.mp4,0,0.15,0.95,0.0,0.0681818181818181,0.475,0.3249999999999999,0.475,0.375,train,"['A man watches food cook on the barbecue with a baby in his arms and then closes the lid.', 'barbecuing with a baby on her lap', 'A guy is holding his baby well closing the BBQ lid filled with meat and then licking his hand after.', 'The dad closed the top of the hot grill open while holding his infant child to his stomach in front of him.', 'A man holds a baby in one arm whilst closing the lid of a barbecue with the other arm.']"
146,yt-M7LSf18G1-k_30.mp4,1,0.525,0.225,0.25,1.0,0.7,0.7272727272727273,0.25,0.625,train,"['A kickboxer training.', 'Two people are standing in a sports hall practising kickboxing, one is holding pads while the other demonstrates a high kick.', 'Two men in a gym together. They appear to be doing trial or practice martial arts on each other. One on the right makes a sparring motion and then kicks towards the one on the left, and the other watches as though learning. ', 'Kickboxing practice with his sensai', 'one man kicking the other who is stood in protective gear']"
147,yt-MJMvM4DjVVY_67.mp4,1,0.025,0.05,0.025,1.0,0.9318181818181818,0.975,0.675,0.5277777777777778,train,"['two women sit cross legged face to face and play a game clapping their hands together', '\nTwo girls are playing a hand game together.', 'Two females slap hands together in a game', 'Two people play a hand clapping game.', '2 girls are playing pat a cake']"
149,yt-MqMKjrKRXmI_35.mp4,1,0.275,0.25,0.525,0.0227272727272727,0.05,0.2249999999999999,0.3,0.75,train,"['A baby is crying while a toddler sits by and ignores it.', 'A baby wearing a bib and lying on a couch cries at the camera while an older child sits on the same couch, looking at something off-camera.', 'Baby on sofa crying whilst female toddler in disinterested and plays video games', 'A baby crying next to the camera and a young girl sitting in the background', 'A baby cries while its sister sits by.']"
150,yt-NNVHWypc0No_309.mp4,0,0.25,1.0,0.35,0.65,0.825,0.725,0.625,0.35,train,"['Two boys building something using wood.', 'A young man and a boy are working with a wood frame of some kind.', 'A young man and a boy are working with a wood frame.', 'two boys holding sticks and building something in the dirt', 'Two kids wood working ', 'Two boys are working together building a structure made of wooden stirps. One boy has gloves on and is holding a piece of wood in place while the other boy works at the other end of the strip of wood.', 'Two boys are building something with wood.']"
152,yt-NyoDNKkeCkE_20.mp4,1,0.25,0.675,0.325,0.875,0.375,1.0,0.125,0.525,train,"['A policeman is talking to the male driver of a vehicle.', 'traffic cop talking to man', 'An officer is talking to a guy in his vehicle ', 'A policeman is standing by the car window and talking with the driver who is holding a can of drink.', 'A police officer talks politely to a man.']"
154,yt-OGAx__6iSTs_17.mp4,1,0.125,1.0,0.325,0.1,0.125,0.25,0.75,0.425,train,"['A young child tries out a drum set while a parent sits behind looking on', 'A toddler boy is testing out a drumming test at a music store.', 'mother watching son playing the drums with a headset on', 'A child testing out some drums in a music shop with a happy parent watching.', 'a younger child playing drums when an older adult smiles and watches', 'a small child playing drums while the mother watches him', 'A young child playing drums while wearing headphones', 'A young boy wearing headphones playing on a drum set, while a woman sits behind him, supervising.', 'Child wearing headphones plays the drums, while an adult looks on', 'A young boy is playing the drums whilst his guardian watches and smiles', 'Mother observing kid playing percussion']"
155,yt-OurLBAGyI9c_16.mp4,0,0.65,0.85,0.325,0.15,0.475,0.7,0.425,0.3,train,"['Two men are fishing under a ice lake.', 'Two adult males with fishing equipment in arctic conditions.', 'two males are preparing to do some ice fishing, in cold artic temperatures, while setting up their tools.', 'A man is fishing in a snowhole, and another man carefully approaches and squats down.', 'Two men ice fishing.']"
156,yt-P3MNLNyt_98_51.mp4,0,0.35,0.725,0.125,0.075,0.3181818181818182,0.7,0.5,0.3333333333333333,train,"['Two people are wrapped up out in the snow and the smaller one picks something up', 'The people are walking in the snow.', 'A man and child are wearing green camo attire in a snowy area and the child picks an item up from the snow on the ground. ', 'An adult and a child are standing in snow and the child bends down to pick something up.', 'One man steps back whilst the other picks up something from the snow']"
157,yt-PWO7CMF5otY_336.mp4,1,0.15,0.8,0.125,0.7,0.375,1.0,0.15,0.7,train,"['A girl on her driving lesson shouting at her driving instructor.', 'The woman driving the car is mad at the man sitting next to her, and she shouts at him to shut up, while the man is shocked', 'A woman angrily speaking to a man in a car.', 'A women shouting at a man ""shut the f**k up""', 'Female driver angrily disagreeing with male passenger', 'Woman driver yells at passenger', 'The woman appears to be swearing at the man, and he is shocked.']"
158,yt-PZF2qQpnGcI_97.mp4,0,0.525,1.0,0.3,0.1363636363636363,0.775,0.7,0.575,0.65,train,"['2 men fishing, one of them is holding a fishing rod while the other holds a big net', 'Two people on a boat, one is fishing with a pole while the other has a large net ready and waiting to catch.', 'Two men doing fishing.', 'The man is using a fishing pole and his friend is holding the net. ', 'Two adult males are on a boat out at sea. One has a landing net, the other has a fishing rod and is trying to bring a fish in']"
159,yt-PkN1YKOuOYE_6.mp4,1,0.05,0.125,0.0,0.9772727272727272,0.875,0.875,0.8,0.3409090909090909,train,"['A man holds a baby boy near his face and they are playing.', 'Father interacting with his young son.', 'The man is holding his baby.', 'A man holds a baby up his chest, plays ans speaks to the baby.', 'Blowing raspberries']"
160,yt-Qk-3RGy0rwk_18.mp4,1,0.15,0.975,0.125,0.025,0.5833333333333334,0.475,0.725,0.25,train,"['A toddler brushes the hair of an older person from behind them.', 'A young child uses a comb to brush the hair of an elderly man.', 'Young boy roughly brushes old mans grey hair from behind', 'a young child wanting to be helpful and brushing an old mans hair harshly for him while the old man lets the child.', ""A child brushes an older man's hair.""]"
162,yt-SHe7vXXrv44_21.mp4,1,0.05,0.9,0.05,0.275,0.875,0.275,0.7,0.225,train,"['A dad is helping his son brush his teeth', ""The dad is brushing the baby's teeth"", 'A man begins brushing a babies teeth whilst the baby is already brushing their own teeth. ', ""A baby is trying to use a toothbrush while a man is cleaning the baby's teeth."", 'Adult, presumably father, spoon feeding a child']"
164,yt-U87RJqCZT8w_16.mp4,1,0.325,1.0,0.425,0.025,0.25,0.25,0.475,0.875,train,"['Two young men throw medicine balls and a close wall and then catch the bounced balls.', 'Two men throwing balls against the wall.', 'The people are exercising with medicine balls.', 'Two people are seen in the video practicing throw and catch', 'Throwing medicine balls off the wall']"
165,yt-UPu938CNhYc_35.mp4,1,0.425,0.9090909090909092,0.225,0.925,0.725,0.65,0.475,0.8,train,"['Two men performing a karate routine.', 'A person is practicing a martial art kick, while another person holds a mat for them to kick into.', 'Man kicking target held by another man.', 'Two martial art type people are practicing kicking a blue pad.', 'Two men practicing a martial art as kicks the cushion the other is holding.']"
166,yt-UZjgD-xTz9Q_310.mp4,1,0.075,0.575,0.25,0.175,0.475,1.0,0.55,0.25,train,"['Two guys in a car talking. ', 'Two males are discussing something together in a car, both seem to be involved and engaged in discussion.', 'The driver is telling the passenger something. He seems to be fed up and frustrated. He made a hand movement to express this. The passenger glanced at him, in an irritated manner.', 'Two men wearing black t shirts talk in a car whilst driving', '2 young men, one driving one in passenger seat']"
169,yt-VmGqoK-hmHc_47.mp4,0,0.375,0.984375,0.375,0.05,0.4090909090909091,0.4545454545454546,0.625,0.475,train,"['A woman and a boy mowing the lawn together, the boy has a toy mower and the woman a real one.', 'A mother a lawn mowing. The baby is as well, but not really because his lawn mower is a toy. The mother definitely bought the toy for him because every time she tried to do her garden in peace, this little human would try to help her thinking he could do a better job, but really just wasting her time. Very adorable.', 'A woman is mowing a lawn with a lawnmower while a baby appears beside her and pretends to mow the lawn with a toy lawnmower.', 'helping nanny with the grass', 'A young child imitates mowing the lawn', 'A kid joining in with his grandma moving the grass.', 'A lady is mowing her lawn while a small child pushes a toy lawnmower near her.']"
170,yt-WsSVHEX7LdQ_144.mp4,0,0.55,1.0,0.675,0.175,0.175,0.6,0.425,0.15,train,"['two men are in the snow one is sitting down and fishing and the other one is standing and watching him', 'One man is ice fishing while another man is standing by watching.', 'A man sat on a snow block is preparing to fish while his freind watches', 'Two people in snowy mountains. One man is holding some kind of stick over something black in the snow (not sure what it is).', 'people ice fishing together']"
171,yt-XTX0BNJrLcc_97.mp4,1,0.0,0.0909090909090909,0.0,1.0,0.625,0.85,0.8,0.3,train,"[""A woman is playing with her baby, she's playfully biting the baby's finger."", 'A mother playing with her baby.', ""A woman is playing with a baby - the woman pretends to eat the child's fingers while the child"", ""There is a woman playing with a baby - the woman pretends to eat the baby's fingers while the baby reaches out to the woman's mouth and smiles as they play."", 'mommy bit my finger', 'A young baby tries to touch their mums face and gets more than they bargained for.', 'A mother playing with a baby.', ""A lady playfully sucks on a baby's fingers which makes the baby smile.""]"
172,yt-YHZCo34wpMQ_3.mp4,1,0.0,0.975,0.0,0.3,0.5681818181818182,0.375,0.825,0.1944444444444444,train,"['Father encouraging his baby to clean its teeth by example', 'a man brushing with his son', ""An adult brushing his teeth while holding a baby who also has a toothbrush, although he doesn't seem to get what to do with it."", 'Brushing teeth with son.', 'A man and child brushing their teeth']"
173,yt-Z02VjQcNxv0_5.mp4,0,0.1,0.975,0.15,0.3,0.925,0.925,0.85,0.175,train,"['A grandparent helps a toddler water a bush with a small green watering can.', 'A father is doing some gardening with his toddler daughter and hands her a green watering can.', 'an old lady is showing a little girl how to water plants', 'An adult is teaching a young child to water the plants.', 'an older person and a younger child working together outside, looks like gardening as the younger one has a watering can', 'father helping the daughter water the plants ', 'A father and daughter watering a dead looking plant\n', 'An adult handing a small watering can to a child, gently guiding her movements to show her how to water a grassy plant.', 'A parent shows her baby daughter how to use a watering can', 'An adult is giving a small child a watering can to help water the garden', 'Women and child gardening']"
174,yt-ZXSB3uT5Rk8_91.mp4,1,0.375,0.45,0.375,0.05,0.65,0.375,0.8,0.275,train,"['Sisters having fun dancing in front of the camera.', 'two children are dancing in a living room', 'Two girls dancing at home.', 'Two girls dancing', 'two children probably watching and following dance routine on Wii', 'two older female children dancing', 'Two sisters are dancing together in their living room.']"
175,yt-_I70R4j_tjA_309.mp4,0,0.575,0.1363636363636363,0.075,0.075,0.775,0.525,0.825,0.2045454545454545,train,"['A couple who is holding hands taking a stroll.', 'A couple holding hands walking across with a backdrop of a mountain range.', 'a married couple are on a hike around the mountains on a hot summers day, they are holding hands are going at a brisk pace.', 'A man and woman seem to be enjoying a walk through the mountains, whilst holding hands.', 'A man and a woman hold hands and walk over a mountain.']"
177,yt-aunEHRTiMrQ_22.mp4,1,0.05,1.0,0.1,0.625,0.7,0.625,0.45,0.25,train,"['An older child is sitting on a bed putting something into the mouth of a younger child lying beside him', ""A little boy is amused at playing with a toothbrush in his baby brother's mouth."", 'big brother is brushing his little brothers teeth while he lies down on bed', ""A big brother helping to brush his little brother's teeth in bed."", 'two children playing together, one is older than the other. he has a small toy hanging it around the younger ones face', 'big brother playing with the toothbrush in the little brothers mouth', 'An older sibling brushing his toddler younger siblings teeth', ""Two boys sitting on a bed; the older of the two, sitting, brushes the younger one's teeth as he lies back."", 'A child is sitting twirling a strap on the clothes of his sibling', 'A young boy looks to be brushing his baby brothers teeth', 'Two children in the bed']"
178,yt-b6BhSLVUPuc_188.mp4,1,0.2291666666666666,0.975,0.225,0.525,0.6818181818181818,1.0,0.6,0.35,train,"['A man mixing a bowl while a woman stands next to him in the kitchen talking', 'A man preparing ingredients.', 'Two people in a kitchen preparing food.', 'A couple appears to be filming a cooking show.', 'The man is mixing food in a bowl while the woman talks. ']"
179,yt-cUygizD21xo_35.mp4,1,0.375,0.075,0.325,0.025,0.85,0.675,0.7,0.45,train,"['two women in a garden, doing what appears to be a dance routine.', 'two people clap with their hands in the middle, they step back and clap closer to the floor, they then lift their arms above their heads and move them from left to right', 'Two females practicing a sequence dance routine together.', 'Two girls dancing in synchronizing and appearing to be happy', 'two people doing a synchronised dance']"
180,yt-cYECXplgRi4_15.mp4,1,0.075,0.9090909090909092,0.075,0.375,0.525,0.825,0.875,0.475,train,"['Woman laughs as baby in highchair chews cake she has given him.', 'Mother enjoying feeding her baby a cupcake.', 'The mom is feeding the the baby dessert and the mom is having fun.', 'A woman is happily feeding baby, who is sitting in a feeding station with a bib around his/her neck.', 'Feeding baby cake']"
181,yt-ccsCZ0yttAI_264.mp4,1,0.1,0.15,0.0227272727272727,0.725,0.8333333333333334,0.6041666666666667,0.525,0.7272727272727273,train,"['Man is laying on his back on the floor and puts his feet near shoulders of a kneeling man, maybe to learn a defense move.', 'Two men demonstrating self defense techniques.', 'The man is doing martial arts with the other person.', 'A man dressed in a white martial arts gear is seen with another man in a position that appears as if the man in uniform is training the other man.', 'Ju-jitsu']"
182,yt-cf6C48WpbPE_21.mp4,1,0.2,0.9,0.325,0.0227272727272727,0.025,0.0681818181818182,0.125,0.175,train,"['Woman smokes cigarette while man sitting near her looks down at phone or book.', 'Man engaging with his cell phone while a woman sitting next to him smokes.', 'The lady is smoking and the guy is on his phone.', 'Two young people are seated in a seemingly relaxed manner, with the person in the foreground smoking a cigaret.', 'Smoking a cigarette']"
183,yt-cqmZWMjSuy0_205.mp4,1,0.225,0.55,0.2,0.15,0.8409090909090909,0.75,0.8888888888888888,0.475,train,"['two woman singing and dancing and one is clapping', 'Two Asian women sing and dance.', 'A woman with a selfie stick dances with a friend', 'Two women dance. One sings while cooking, the other claps.', '2 asian ladies are dancing and celebrating']"
186,yt-eKsNke8uDhE_5.mp4,1,0.075,0.2083333333333333,0.0,0.55,0.65,0.525,0.125,0.7727272727272727,train,"['Two babies lie together, one screams', 'Twin babies are waking up hungry from their sleep, one of them is crying hysterically and the other thinks the cloth is a bottle.', 'baby crying next to another baby while its chewing on the crying babys top', 'Two young babies, maybe twins, one crying and one nuzzling for food.', 'two babies crying', 'two babies. one is crying and the other one is ', 'Two babies crying', 'Two babies lying next to each other, one possibly sleeping and the other crying.', 'A baby is crying as another lies by its side', 'Two babies in white are laying down; one of them is crying, whilst the other is leaning into their shoulder.', 'Two small kids crying in the bed']"
187,yt-fBN0EWsZbnk_14.mp4,0,0.6,1.0,0.65,0.25,0.75,0.35,0.7,0.3863636363636364,train,"['Two boys one older and one younger mowing the lawn walking around', 'Kids using lawn mowers, one is a big lawn mower and the other is a tiny lawn mower.', 'Two children mowing a lawn with lawnmowers.', 'A boy cuts the grass as a younger boy imitates him with his toy lawnmower.', 'The man and the boy are mowing the lawn. ']"
188,yt-fCaGeX3EZzc_44.mp4,1,0.1,0.925,0.1,0.025,0.5454545454545454,0.425,0.5833333333333334,0.125,train,"['Mum letting baby put toothbrush in its mouth', 'a baby with her mom', 'A woman with a squirmy baby on her lap.', 'Baby brushing teeth.', 'An adult with a toddler sat on her knee chewing a toothbrush']"
189,yt-gEpYfnTt5_c_51.mp4,1,0.1,0.25,0.3,0.75,0.7,0.85,0.85,0.2,train,"['Two babys playing on the floor next to a crib.', 'Two young children are smiling at one another in their crib.', 'One baby stands, both babies smile.', 'Two children in a cot smiling and laughing at each other.', 'Two babies smiling at each other in a cot.']"
190,yt-gcN3azy8GDY_38.mp4,0,0.675,0.96875,0.125,0.3181818181818182,0.8181818181818182,0.9090909090909092,0.675,0.3,train,"['two people with one person showing the person how to throw the baseball.', 'a girl picks a ball out of her baseball glove and throws it while another girl is walking over to her', 'Two adult females are playing a game of baseball and one is kneeling with her glove holding the ball and is preparing to bowl.', '2 femals practising sport', 'Throwing a ball', 'A girl throws a ball, whilst another watches on']"
191,yt-gdfrW0ohNCU_61.mp4,1,0.275,1.0,0.35,0.1,0.125,0.2249999999999999,0.85,0.55,train,"['Little kid takes his time playing drums', 'A young boy playing the drums with headphones on. A lady sitting behind him watching.', 'a child learns to play the drums whilst his teacher watches on.', 'A boy is playing the drums wearing headphones.', 'A boy is playing the drums, a woman is sitting behind him and looking at him.', 'black boy drumming with his white teacher behind supervising ']"
194,yt-gyHCZmoE-Gc_173.mp4,0,0.425,1.0,0.475,0.0,0.2045454545454545,0.55,0.675,0.5555555555555556,train,"['Two ladies in hip height water in bathing suits, one is casting a fishing line', 'A woman is in the sea and is throwing a fishing rod across the water.', 'woman in bikini in the sea swings a fishing rod', 'A couple of ladies in the sea, one doing some fishing.', 'older adult in the water fishing', 'a lady in the same water she is fishing ', 'A woman casts a fishing line into the water while standing in the water.', 'Two women standing in a lake on what looks like a bright summer day; one holds a fishing rod which she casts into the water.', 'A lady in a bikini tries to cast a fishing line, but apparently fails', 'An adult woman is fly fishing in the sea ', 'Two girls in water fishing']"
195,yt-hFPoxM6C8v0_4.mp4,1,0.125,1.0,0.2,0.65,0.2272727272727273,0.425,0.65,0.225,train,"['Two kids are playing in their lounge', ""Two children are playing together; one is laying down looking at a younger child, squatting next to them, whilst putting something in it's mouth."", 'A toddler is lying on the floor looking at another toddler who puts a toy in his mouth.', 'two young children, one on their back, the other squating play with toy tubes of toothpaste', '2 small toddlers playing']"
196,yt-hHV1-no0rkQ_102.mp4,1,0.225,0.25,0.15,0.3863636363636364,0.6944444444444444,0.725,0.45,0.0555555555555555,train,"['A man helping an older woman with her physical ailments.', 'A woman is laying down on a mat receiving professional physiotherapy advice from a person.', 'Man explaining exercise to lying woman.', 'A man helping an elderly man who is on his back.', 'The student lies on a yoga mat whilst their trainer explains what to do.']"
197,yt-hXKxZId2MC0_139.mp4,1,0.55,1.0,0.7,0.6,0.6,0.75,0.675,0.5,train,"['Two musicians playing drums.', 'Two people are sitting opposite each other behind drum kits, they appear to be playing music together.', 'Two men on opposite sides of the screen are playing two sets of drums that are pressed up against each other. Both are playing different rhythms and beats. It does not appear that they are communicating.', '2 Friends playing drums together in a room.', '2 drummers in one room each with a drum set']"
200,yt-iRPNwUaA-5w_236.mp4,0,0.55,0.95,0.35,0.525,0.7,0.575,0.275,0.425,train,"['two men in camo gear are sorting out their gear', 'Two soldiers stand in a field while one sprays something on the shoe of another.', 'looks like 2 men in the tall grass area wearing cameo clothes.', 'One soldier sprays the sole of another soldiers boot which is lifted up by raising the leg backwards.', 'Some reason they are cleaning shoes on their hunting mission.']"
202,yt-iYZvTOb0gWU_608.mp4,1,0.1,1.0,0.2,0.275,0.7954545454545454,0.95,0.6944444444444444,0.025,train,"['two women are doing crafting together and the woman in the purple seems to be learning from the other woman', 'Two ladies are looking at a yarn project together.', 'A lady is teaching another lady', 'Two women in front of a shelf full of yarn. One is looking at something knitted.', '2 women talking about stitching']"
203,yt-ieUSTTGb3P8_9.mp4,1,0.1,0.25,0.025,0.975,0.5,0.725,0.75,0.25,train,"['Two bald children playing in the bath.', 'Two babies are taking a bath, one is splashing the water.', 'Two small twin looking babies in a small baby tub are having a bath. The baby on the left is making splashing water motions as the baby on the right watches.', 'Two tiny infants having a bath/soak in a basket submerged in a tub', '2 children in water, one splashing']"
204,yt-ix0bg7Lgyas_26.mp4,0,0.65,1.0,0.575,0.525,0.925,0.55,0.7,0.75,train,"['Girl passes the ball to boy then runs away, then boy passes it back to she', 'Two lads playing american football in the garden.', 'Two friends playing american football together in their garden.', 'Two boys are playing rugby outside at the end of the day.', 'A girl and boy are playing with a ball, the girl throws the ball to the boy and runs to catch it as the boy throws it to her.', 'Kids playing football one throwing and one running away to catch']"
205,yt-k2tmlKg0MsU_33.mp4,1,0.025,0.975,0.0,0.125,0.6666666666666666,0.7083333333333333,0.7,0.1818181818181818,train,"['A woman and a kid are watching something on an ipad. ', 'A mother is holding her child while she is showing the child something on a portable device and looking at the child to see the reaction.', 'A woman is holding a toddler on her knee and holding a mirror up to him.', 'a woman and baby watch something on a small screen', 'mother teaching baby']"
206,yt-k6Ildfvd4wA_76.mp4,1,0.2,0.03125,0.225,0.825,0.6818181818181818,1.0,0.6,0.325,train,"['A chef talking to a woman in the form of an interview.', 'A chef and another person are talking in a restaurant kitchen.', 'Man talking to woman in kitchen.', 'A chef talking to a women in a kitchen.', 'The lady is listening intently to what the man is saying.']"
207,yt-krmQtsQUk1Q_485.mp4,1,0.025,0.1590909090909091,0.0,0.975,0.75,0.8,0.875,0.45,train,"['Man tickling a laughing baby', 'The dad is making the baby laugh.', 'A baby on its back laughing as an older man plays with them.', 'a dad tickling his baby', 'a farther tickling and playing with his son ']"
208,yt-l8je0Vm72u4_988.mp4,0,0.725,0.9318181818181818,0.875,0.075,0.4,0.3,0.225,0.3,train,"['Men are preparing rubbish for the skip.', 'Men work outside with large truck.', 'Rubbish collectors are standing behind their vehicle, while one is bagging up some rubbish the other is smoking and doing nothing.', 'Two males trying to remove garbage in a truck. ', 'A skip is being either loaded up or put down while an operator looks on. ']"
210,yt-lTeHKYHiVcM_15.mp4,1,0.175,0.125,0.025,0.275,1.0,0.6,0.775,0.675,train,"['Two people dancing together.', 'Woman and man dance together.', 'A man and a woman are doing a sort of jive dance together, holding hands, in front of a mirror.', 'Two adults learning how to dance together.', 'A man and a woman are kicking their legs simultaneously as part of a dance routine. ']"
211,yt-lif69GRiRLE_101.mp4,1,0.4,0.525,0.275,0.025,0.5909090909090909,0.4499999999999999,0.8888888888888888,0.525,train,"['a young boy and girl are dancing to the television', 'Two small children dance in a living room', '2 children seem to be watching something on a tv and dancing to it.', 'Two kids follow a TV dance instruction, staring at the TV.', '2 children dancing to something on the TV / computer screen']"
212,yt-lzsldb9fo70_4.mp4,1,0.175,0.85,0.15,0.05,0.875,0.9772727272727272,0.7,0.3,train,"['One child pushing another in a toy trolley ', 'Two kids playing.', 'One toddler sitting in a toy rolling chair while another toddler stands behind him.', 'a small boy getting ready to push his brother in a chair with wheels', 'a brother pushing his brother on a toy car ']"
213,yt-m2cwo-pEgDY_25.mp4,0,0.2,0.78125,0.3,0.975,0.7727272727272727,1.0,0.475,0.35,train,"['a man is crouching and speaking to another crouched man', 'Tow men knelt over a lawnmowers talking', 'shows 2 men talking to each other about the lawn mower .', 'An expert telling a leaner about some garden control machinery, both crouched down on a trailer tailgate ramp.', 'Explaining the way to use a grass cutter / Lawn mower']"
214,yt-mqSlRcLajN4_267.mp4,1,0.075,0.9,0.25,0.0,0.2727272727272727,0.825,0.525,0.05,train,"['A man quietly drinks a beer while a friend watches something in silence.', 'Two men drink together.', 'Two men are in a pub and one is drinking beer but his friend is not looking at him or interacting with him. ', 'Two males in a bar drinking.', 'Two men are sitting, one is talking while another sips beer.']"
215,yt-n2JqR0WrAFA_35.mp4,1,0.025,0.05,0.025,0.9090909090909092,0.575,0.875,0.4,0.5,train,"['A man holds a crying baby in his arms.', 'man with crying baby', 'A guy is holding his baby and the baby is crying', 'A new father is holding and watching intently a young infant who is starting to get a little cranky.', 'A man tires to comfort a crying baby.']"
216,yt-nJH9cpyHtro_94.mp4,1,0.4,0.8863636363636364,0.625,0.025,0.925,0.425,0.775,0.475,train,"['Woman plays keyboard and sings as girl behind her plays drums.', 'Two women making music together, one playing the keyboard and the other on the drums.', 'The people are playing music and singing.', 'Two young female musicians are visible, playing musical instruments.', 'Playing music']"
217,yt-nk1ilLx3z1E_10.mp4,1,0.4,0.975,0.5,0.0,0.4,0.3409090909090909,0.675,0.275,train,"['A boy stood twirling things in his hand while a man sits drumming behind', 'An adult playing the drums while the child is moving drum sticks with his hands.', 'An adult playing a drum kit while a child stands in front waving sticks.', 'A boy reacts to the live music being played behind him.', 'A man is playing the drums while a boy is swinging mallets. ']"
218,yt-o0tfI02ehDE_1.mp4,1,0.675,0.9791666666666666,0.425,0.825,0.975,0.725,0.5,0.7954545454545454,train,"['Two atheltic males throwing tennis balls into the air to each other.', 'A person is throwing tennis balls in the air while another person practices catching them and passing them back.', 'Men catching and throwing ping pong balls.', 'Two men throwing a small ball in the air and catching it.', 'Two men throwing and catching two tennis balls.']"
219,yt-orhTrit8STg_509.mp4,1,0.3,0.7,0.3409090909090909,0.9545454545454546,0.225,0.9545454545454546,0.45,0.45,train,"['Two women doing something with gum.', 'Two people are in a bedroom, one is sat watching as the other appears to mime talking on a phone using their hand.', ""A woman with long hair with a blue head band and a white tee shirt is standing up and speaking to a woman with a bob and a jean jacket who is sitting down. In her hands she's holding an item and she's showing herself acting as though she's putting it to her mouth or inside it but doesn't seem to be. The other woman responds in shock. "", 'Woman showing something weird or crazy to her friend on the bed, as she watches with shock', '2 people talking to each other, one stood one sat']"
220,yt-owyra39-RLo_36.mp4,1,0.025,1.0,0.05,0.95,0.675,0.525,0.5,0.4,train,"['A man and a woman brush their teeth while facing each other and making eye contact', 'A young girl and boy brushing their teeth', 'A young man and woman are brushing their teeth together and looking at each other affectionately.', 'Two teenagers brushing their teeth while looking at each other', '2 people brushing their teeth']"
221,yt-p2Rry6IQhwE_57.mp4,1,0.25,0.78125,0.3,0.775,0.7045454545454546,1.0,0.575,0.2,train,"['two people in a workshop and talking about the piece of wood on the table top.', 'an old man is talking to another man about wood', 'Two men are working on a woodwork project.', 'older man explaining something to a younger man', 'Doing diy', 'A man shows another a piece of wood, gesturing to it with his hand']"
222,yt-pumHrH9tKRo_131.mp4,1,0.075,0.975,0.25,0.1136363636363636,0.8333333333333334,0.4499999999999999,0.85,0.3888888888888889,train,"['2 people playing the cello', ""Two people playing cello's and the person on the right is also singing or talking."", 'A woman playing violin.', 'The woman and child are playing cellos side by side. ', 'Two people are sitting behind musical instruments, maybe cellos, and the older female is tutoring the younger male']"
223,yt-q4bB_q8QAaA_88.mp4,0,0.525,0.525,0.525,0.7045454545454546,0.2727272727272727,0.975,0.6,0.075,train,"['A man sitting in a speedboat speaks with an older man who is sitting beside him.', 'Two men are having a lakeside conversation on a speedboat', '2 men sat inside a boat thats sponsored by toyota and havoc, one man is explaining something to the other man', 'A man in a boat, telling another person a story.', 'a man in the water in his boat moving his arms around', 'two men in a small boat having a talk', 'A sport fisherman having a conversation on his boat', 'Two men having a conversation while sitting on a stationary sport fishing boat in a river or swamp.', 'A crewman of a sponsored sport boat is explaining something to his colleague', 'A man, who is sat on a boat in a body of water, is gesturing and looks to be explaining something', 'Guy speaking in the speedboat']"
224,yt-q8mU6W5UqPk_27.mp4,1,0.15,1.0,0.475,0.0,0.5909090909090909,0.25,0.875,0.6666666666666666,train,"['Two boys sat at two separate drumming kits drumming with headphones on', 'Two kids playing drums with their drumsticks.', 'Two children playing drum kits next to each other.', 'Young boys are playing on a pair of drum sets.', 'Two boys are drumming. ']"
225,yt-q__8ex88Ow0_60.mp4,1,0.125,0.65,0.0,0.35,0.525,0.6818181818181819,0.875,0.2,train,"['A woman with a baby, she is eating something and the baby is laughing.', 'A woman holding a baby, playing with the baby, and eating. That is what we call multitasking.', 'A woman sits smiling at a baby while holding them and eating a snack, she reaches forward to dip her chip while the baby reaches forward, looks around, and smiles also.', 'happy baby and mother', 'An eating mother checks on her child, who is amused at something.', 'A mother spending some time with her baby', 'A lady is eating something and has a baby on her lap, the baby looks like it is laughing and the lady smiles.']"
226,yt-qjtSPSnY_Aw_2.mp4,1,0.2,0.05,0.025,0.25,0.875,0.775,0.625,0.525,train,"['Two women happily dance together.', 'Two ladies dance together.', 'Two girls are dancing together and smiling, with one having her arm around the other one while they dance.', 'Two females learning how to dance.', 'Two woman are moving their arms as part of a dance routine. ']"
227,yt-qrKK36byJ30_239.mp4,0,0.375,0.925,0.375,0.025,0.3863636363636364,0.85,0.65,0.075,train,"['two fishermen out on the river.', 'two people fishing, the one behind is talking and the one closest to the camera is nodding', 'two men having a conversation whilst fishing together on a lake.', 'Two men fishing individually, not speaking or interacting with each other', 'two guys fishing in a lake']"
228,yt-qxNosFrsK1k_55.mp4,1,0.05,0.0681818181818181,0.025,0.975,0.625,0.925,0.575,0.4545454545454545,train,"['Dad making funny noises at his baby', 'a baby and the father ', 'A man, making faces at a baby, who imitates the expression back.', 'Teasing a baby. ', 'A baby copying facial expressions']"
230,yt-sNY_HeMbyQc_35.mp4,1,0.075,0.025,0.05,0.65,0.3888888888888889,0.75,0.375,0.6666666666666666,train,"['One baby crying and the other mouthing at the face of the first one', 'a man carrying his baby', 'Someone holding a crying baby.', 'Comforting a baby.', 'A crying baby']"
231,yt-sWfgS1G-cr4_139.mp4,1,0.2,1.0,0.4,0.075,0.85,0.825,0.75,0.5,train,"['Two guys playing muscial instruments and singing. ', 'Two men are playing alongside each other in a band; one on piano and singing and another, wearing a police uniform, is playing drums.', 'A policeman is playing the drums, while another male is singing and playing a keyboard.', 'A man in a police uniform plays the drums while another man, sat at a keyboard, sings into a microphone', 'police officer and other man playing drums']"
232,yt-tbKg9FdQZ0g_63.mp4,1,0.225,1.0,0.35,0.6,0.825,0.8,0.7,0.4,train,"['two people each are both playing the drums.', 'two girls are playing on a drumkit', 'One adult female is assisting another adult female with a drum kit.', '2 females playing by hand on drum kits', 'Playing drums ', 'Two girls play the same drumkit']"
234,yt-uHGsgDLXCns_2999.mp4,1,0.275,0.525,0.275,0.975,0.55,1.0,0.325,0.125,train,"['a man is talking with a woman in an office', 'A lady and a man are having a serious conversation.', 'A man is talking to a woman in an office.', 'Two people talking in an office.', 'they are talking casually infront of a pc']"
235,yt-vfa6yhHnhsU_151.mp4,1,0.175,0.975,0.45,0.875,0.3863636363636364,0.175,0.475,0.25,train,"['A man doing something with an animal in water.', 'A man is standing in front of a water filled chamber and appears to be putting some kind of sea creature into it.', 'A man putting an object in water', 'Plasti dipping an animal skull.', 'A man is dipping a sculpture or something he has made into a liquid most likely to help it set. Another man with gloves on is watching as he does it.', 'A man is dipping an object in water and another man is watching.']"
236,yt-vx-VMETm4g0_154.mp4,0,0.225,1.0,0.15,0.325,0.775,0.7,0.525,0.3,train,"['A man and a woman is gardening. ', 'An elderly woman and an adult male engaging in gardening.', 'a male and female are doing some weeding and gardening together on a hot summers day.', 'A woman istaking leaves of a vegetable whilst occasionally checking on a young man who is using a trowel.', 'A man and a woman kneel over and prepare to plant some crops.']"
237,yt-vywVJ0J6Vlk_635.mp4,0,0.5,0.85,0.35,0.325,0.45,0.4499999999999999,0.7,0.375,train,"['A young boy and a grown up are fishing.', 'A father and son at a small lake equiped for fishing activities', 'a dad and his son are spending some quality bonding time together by doing some fishing in a waterfall. ', 'A father seems to be supervising his son intermittently, whilst fishing, and making sure he is safe whilst joinging him.', 'A man and boy fish in a shallow river.']"
238,yt-xPT35mB9C28_1226.mp4,1,0.1,0.4,0.275,0.0,0.4,1.0,0.4,0.175,train,"['One man in a car talking to another man who is listening to him whilst driving.', 'two people in a car talking', 'One guy is talking to another guy in a vehicle. ', 'Two adult men are riding in the front seat of a car while the passenger is telling the driver something.', 'A man talks to another man as they drive along in a vehicle.']"
239,yt-xnqqB-leeaQ_128.mp4,0,0.35,0.921875,0.4,0.1590909090909091,0.9545454545454546,0.5681818181818181,0.525,0.3,train,"['Two women carrying something heavy between them', 'Two woman with an object.', 'Two woman carry around what looks to be some kind of out door furnace.', 'two women carrying a wood stove/heater', 'two friends carrying and placing a furnace ']"
240,yt-xp4X1QnB1GE_1595.mp4,0,0.5,1.0,0.0,0.075,0.675,0.8636363636363638,0.725,0.225,train,"['Child wit a fishing rod being taught by a man', 'The dad and the boy are fishing.', 'A young boy and a man fishing.', 'a dad teaching his son how to fish in what looks like a pond', 'a farther and son fishing at a lake ']"
241,yt-yI5VBQahUNE_92.mp4,1,0.05,1.0,0.275,0.5909090909090909,0.6590909090909091,0.35,0.575,0.25,train,"['Two friends ripping a pipe.', 'Two people are indoors sharing a shisha pipe, one is taking a puff and the other examines the mouthpiece.', 'Two teenage boys are sat in a dimly lit room. One of the boys is exhaling smoke from a device, which the other boy then takes as though he will also use it to smoke from it.', 'Two boys smoing a hookah pipe in a room', 'one boy is smoking then passes it to his friend']"
242,yt-yIvortOp_D8_304.mp4,1,0.1,0.975,0.2,0.0,0.65,0.9090909090909092,0.25,0.2,train,"['two men are in a car, one is talking and the other is smoking', 'Tow men are in a vehicle and one smokes a pipe.', 'shows two men in what seems to be a pickup truck driving while having a conversation.', 'Two country folk from some hot country driving along in a pickup; one guy in a vest and baseball hat the other a beardy with sunglasses smoking a hickory style pipe.', 'Will have a good day fishing today,theweather great']"
243,yt-yNeLe_a2pck_651.mp4,0,0.25,0.075,0.0909090909090909,0.5681818181818182,0.5,0.9090909090909092,0.675,0.2,train,"['two girls sitting in the river talking.', 'two females in water smiling, the one closest to the camera is going deeper under water', 'Two ladies relaxing in the water having a conversation together.', 'Two girls giggling and smiling as they chat in a river', 'two ladies in some dirty water, up to their shoulders']"
244,yt-yQK3lr5cpSU_37.mp4,1,0.0,0.75,0.025,0.9772727272727272,0.925,0.8863636363636364,0.45,0.225,train,"['A parent brushes the teeth of a child using a blue toothbrush', ""A father is brushing his toddler boy's teeth."", 'father is trying to brush his sons teeth', 'A father encourages his son to open their mouth to brush their teeth by saying Ahhh.', 'a parent brushing their childs teeth', ""a mother brushing her child's teeth"", 'A toddler being assisted in brushing his teeth', ""A parent brushing their child's teeth."", 'A mother is trying to brush the teeth of her young son', 'A woman is helping a young boy brush his teeth', 'Father brushing childrens teeth.']"
245,yt-ylWmBeCU2LE_101.mp4,1,0.225,0.925,0.25,0.975,0.525,0.8409090909090909,0.8,0.425,train,"['The toddlers are playing and laughing on a slide together.', 'Two children play on a slide.', 'A small child is trying to slide down an orange slide but another child is trying to walk up the slide and they are both laughing.', 'Two kids on a slide playing with each other. ', 'Two toddlers play on a slide.']"
246,yt-zGPMQDq1VdU_39.mp4,0,0.125,0.825,0.15,0.1,0.6,0.75,0.65,0.575,train,"['A woman tends to the soil in a garden, while an excited toddler attempts to join in', 'A mother and toddler in a garden  plot', 'A young woman is crouched down, working on a vegetable patch, with a fair-haired toddler joining in the fun.', 'A lady and toddler gardening together', 'woman with a little girl in the garden']"
247,yt-zcz5nb7m-Y4_55.mp4,1,0.05,0.975,0.05,1.0,0.825,0.75,0.85,0.4,train,"['A man kisses a babies hand playfully.', 'A baby feeding an old man peanuts.', 'A child sits near a man - she reaches forward and feeds him a snack and the man opens his mouth and takes it while the baby smiles.', 'beautiful thing a child feeding there father', 'A young girl feeds her parent.', 'A baby feeding their parent', 'A child placing something in the mouth of an adult male.']"
248,yt_R-62JchDNyM7U_143.mp4,1,0.5,1.0,0.575,0.275,0.5909090909090909,0.175,0.425,0.25,train,"['Two people unpacking paintings from a storage box.', 'Two people are busy ', 'Men unpacking paintings.', 'Two men getting boxes ready for packing.', 'Taking a painting out of a packing trolley and sorting cardboard.']"
249,yt_R-8XFRghgHAwk_54.mp4,1,0.025,0.975,0.0,0.025,0.6,0.675,0.575,0.3,train,"['A dad helping a baby to unwrap a present', 'An adult helping a small baby to open a wrapped gift.', 'A man helping a baby unwrap a present.', 'A man is holding a baby in his lap and is helping him unwrap a present.', 'a a baby sitting on his fathers knee while his father helps him to open a gift']"
